{"UNP":{"trailing_pe":24.382717,"forward_pe":21.359587,"peg_ratio":3.6554,"ev_to_ebitda":16.396,"price_to_sales":7.120953,"profit_margin":0.29202,"return_on_equity":0.40686,"sector":"Industrials","ticker":"UNP","_fetched_at":1784636774.345896},"ETN":{"trailing_pe":39.200195,"forward_pe":25.443975,"peg_ratio":3.0112,"ev_to_ebitda":27.904,"price_to_sales":5.4648166,"profit_margin":0.13986,"return_on_equity":0.20844999,"sector":"Industrials","ticker":"ETN","_fetched_at":1784636774.535393},"BA":{"trailing_pe":82.798416,"forward_pe":51.039528,"peg_ratio":23.1885,"ev_to_ebitda":-59.704,"price_to_sales":1.7913473,"profit_margin":0.024600001,"return_on_equity":1.69947,"sector":"Industrials","ticker":"BA","_fetched_at":1784636774.975055},"GD":{"trailing_pe":23.308178,"forward_pe":20.345745,"peg_ratio":2.7408,"ev_to_ebitda":16.379,"price_to_sales":1.8625748,"profit_margin":0.08068,"return_on_equity":0.17974001,"sector":"Industrials","ticker":"GD","_fetched_at":1784636775.224887},"GE":{"trailing_pe":40.34279,"forward_pe":37.911777,"peg_ratio":8.395,"ev_to_ebitda":31.754,"price_to_sales":6.9930305,"profit_margin":0.17716,"return_on_equity":0.48231998,"sector":"Industrials","ticker":"GE","_fetched_at":1784636775.428634},"CAT":{"trailing_pe":43.10723,"forward_pe":28.398636,"peg_ratio":2.0646,"ev_to_ebitda":30.08,"price_to_sales":5.626311,"profit_margin":0.13328,"return_on_equity":0.51331,"sector":"Industrials","ticker":"CAT","_fetched_at":1784636775.680162},"RTX":{"trailing_pe":36.4803,"forward_pe":25.625685,"peg_ratio":2.6517,"ev_to_ebitda":19.375,"price_to_sales":2.8974266,"profit_margin":0.080290005,"return_on_equity":0.11571,"sector":"Industrials","ticker":"RTX","_fetched_at":1784636775.872746},"HON":{"trailing_pe":18.051077,"forward_pe":23.14553,"peg_ratio":8.4013,"ev_to_ebitda":11.506,"price_to_sales":1.9028102,"profit_margin":0.1089,"return_on_equity":0.24264,"sector":"Industrials","ticker":"HON","_fetched_at":1784636776.07125},"DE":{"trailing_pe":33.775215,"forward_pe":25.758944,"peg_ratio":1.372,"ev_to_ebitda":22.966,"price_to_sales":3.3437452,"profit_margin":0.10104,"return_on_equity":0.18349001,"sector":"Industrials","ticker":"DE","_fetched_at":1784636776.200274},"LMT":{"trailing_pe":24.687017,"forward_pe":15.882382,"peg_ratio":1.0759,"ev_to_ebitda":17.046,"price_to_sales":1.5642078,"profit_margin":0.06382,"return_on_equity":0.6764,"sector":"Industrials","ticker":"LMT","_fetched_at":1784636776.33248},"UPS":{"trailing_pe":18.309063,"forward_pe":14.118302,"peg_ratio":1.8578,"ev_to_ebitda":10.061,"price_to_sales":1.0890113,"profit_margin":0.05943,"return_on_equity":0.33353,"sector":"Industrials","ticker":"UPS","_fetched_at":1784636776.463886},"PH":{"trailing_pe":35.214443,"forward_pe":27.862925,"peg_ratio":3.7271,"ev_to_ebitda":23.544,"price_to_sales":5.7121873,"profit_margin":0.16582,"return_on_equity":0.24841999,"sector":"Industrials","ticker":"PH","_fetched_at":1784636776.595823},"TT":{"trailing_pe":35.710148,"forward_pe":27.402103,"peg_ratio":1.9989,"ev_to_ebitda":25.288,"price_to_sales":4.7905517,"profit_margin":0.13415,"return_on_equity":0.36630002,"sector":"Industrials","ticker":"TT","_fetched_at":1784636776.725824},"OKLO":{"trailing_pe":null,"forward_pe":-49.413723,"peg_ratio":null,"ev_to_ebitda":-29.147,"price_to_sales":null,"profit_margin":0.0,"return_on_equity":-0.08866999,"sector":"Utilities","ticker":"OKLO","_fetched_at":1784636793.555138},"ACHR":{"trailing_pe":null,"forward_pe":-5.683886,"peg_ratio":null,"ev_to_ebitda":-2.923,"price_to_sales":2132.0066,"profit_margin":0.0,"return_on_equity":-0.48047,"sector":"Industrials","ticker":"ACHR","_fetched_at":1784636816.788229},"CLSK":{"trailing_pe":null,"forward_pe":-19.889654,"peg_ratio":null,"ev_to_ebitda":-13.495,"price_to_sales":5.001184,"profit_margin":-0.67657995,"return_on_equity":-0.34804,"sector":"Financial Services","ticker":"CLSK","_fetched_at":1784636827.054447},"PATH":{"trailing_pe":20.266666,"forward_pe":13.40654,"peg_ratio":0.437,"ev_to_ebitda":41.06,"price_to_sales":3.7674038,"profit_margin":0.19578,"return_on_equity":0.18181999,"sector":"Technology","ticker":"PATH","_fetched_at":1784636832.980762}}